{
  "rmse": 2.505240384225262,
  "mae": 1.938583895360938,
  "mape": 9230633.463038787,
  "smape": 19.031008028645378,
  "r2": 0.8320903861787426,
  "model": "xgboost"
}